{
  "version": 1,
  "author": "Anonymous maker",
  "editor": "wokwi",
  "parts": [
    { "type": "wokwi-esp32-devkit-v1", "id": "esp", "top": 63.33, "left": -142.67, "attrs": {} },
    { "type": "wokwi-microsd-card", "id": "sd1", "top": -56.69, "left": 34.52, "attrs": {} }
  ],
  "connections": [
    [ "esp:TX0", "$serialMonitor:RX", "", [] ],
    [ "esp:RX0", "$serialMonitor:TX", "", [] ],
    [ "sd1:CS", "esp:D5", "magenta", [ "h19.25", "v23.49" ] ],
    [ "sd1:DI", "esp:D19", "limegreen", [ "h28.58", "v144.94" ] ],
    [ "sd1:SCK", "esp:D18", "blue", [ "h38.58", "v164.22" ] ],
    [ "sd1:GND", "esp:GND.1", "black", [ "h48.58", "v247.26" ] ],
    [ "esp:VIN", "sd1:VCC", "red", [ "h-18.5", "v46.54", "h321.33", "v-276.67" ] ],
    [ "sd1:DO", "esp:D23", "orange", [ "h61.91", "v140.86" ] ]
  ]
}